{"mean": [294.92083740234375, 191.23590393066405, 0.017051646672189235, 3.6, 0.8270379900932312, 4.3480000495910645, 0.6305555641651154], "cov": [[28797.34224643627, 36435.38932924224, -1.1260665714918672, -264.2580300649007, 24.975143591294596, 105.3103645758046, 7.0635459536862415], [36435.38932924224, 46976.53072073397, -1.3731421760072566, -325.2488297144572, 31.36037240004503, 134.2671000219875, 10.144829035765603], [-1.1260665714918672, -1.3731421760072566, 0.20008210343043387, 0.01128743482598414, 0.0001291360510523221, 0.0018113846965280486, -0.000602162872442902], [-264.2580300649007, -325.2488297144572, 0.01128743482598414, 2.7625, -0.20220265462994574, -0.9141251901785532, -0.0749652807911237], [24.975143591294596, 31.36037240004503, 0.0001291360510523221, -0.20220265462994574, 0.2643330824728859, 0.2666253867518214, -0.014488751668849855], [105.3103645758046, 134.2671000219875, 0.0018113846965280486, -0.9141251901785532, 0.2666253867518214, 1.5908514053551512, -0.02585728362677229], [7.0635459536862415, 10.144829035765603, -0.000602162872442902, -0.0749652807911237, -0.014488751668849855, -0.02585728362677229, 0.21636159443726516]], "count": 5, "distances": [1.8087781350029732, 3.341455672085781, 1.0466887080559986, 1.0093996605440299, 94.16047467076858, 2.867029427314004, 2.471825328983884, 3.4167299990580444, 1.5942561287474506, 1.2417130666741523, 1.7878687751263906]}