{"mean": [185.31536560058595, 60.909542846679685, 0.025303518399596214, 4.2, 0.8614248514175415, 4.6800000190734865, 0.6533333361148834], "cov": [[105.22935641044877, 73.36225308810567, -0.018148410141373163, -3.7205535888671877, 1.0289717770037794, -0.7728773543402605, -0.6027302193731855], [73.36225308810567, 63.09368057884793, -0.005181653293447792, -3.490191650390625, 0.8821205865290924, 0.8639371034170227, -0.2944609410438765], [-0.018148410141373163, -0.005181653293447792, 0.20007302932693433, 6.958981975913048e-05, -0.0007663820416795172, 0.01343175908796784, -0.0008619457396366614], [-3.7205535888671877, -3.490191650390625, 6.958981975913048e-05, 0.4, -0.048955884575843815, -0.07999997138977051, 0.011666662991046906], [1.0289717770037794, 0.8821205865290924, -0.0007663820416795172, -0.048955884575843815, 0.22580877439976416, -0.1191757028903711, 0.0073282917461351665], [-0.7728773543402605, 0.8639371034170227, 0.01343175908796784, -0.07999997138977051, -0.1191757028903711, 2.736024798011806, -0.17980832412022293], [-0.6027302193731855, -0.2944609410438765, -0.0008619457396366614, 0.011666662991046906, 0.0073282917461351665, -0.17980832412022293, 0.22170953193492948]], "count": 5, "distances": []}