{"mean": [203.75654220581055, 67.88274478912354, 0.020758045371621847, 4.0, 0.7181880921125412, 4.199999809265137, 0.625], "cov": [[414.2319840360499, 97.93121199272963, -0.041541502519957405, 0.0, -1.4907896074466358, 0.0, 0.0], [97.93121199272963, 23.41659638426154, -0.009826108712099657, 0.0, -0.35119373614706245, 0.0, 0.0], [-0.041541502519957405, -0.009826108712099657, 0.25000417978095035, 0.0, 0.0001695403878597494, 0.0, 0.0], [0.0, 0.0, 0.0, 0.25, 0.0, 0.0, 0.0], [-1.4907896074466358, -0.35119373614706245, 0.0001695403878597494, 0.0, 0.3059861580739471, 0.0, 0.0], [0.0, 0.0, 0.0, 0.0, 0.0, 0.25, 0.0], [0.0, 0.0, 0.0, 0.0, 0.0, 0.0, 0.25]], "count": 4, "distances": []}