{"mean": [357.7027587890625, 298.9467124938965, 0.011243964359164239, 2.6, 0.6377416372299194], "cov": [[30540.242923750007, 37255.566613418996, -0.9268558874144652, -176.37273779975044, -23.000816827411413], [37255.566613418996, 46186.4282147118, -1.097559672136609, -217.19093012809756, -19.420292629807385], [-0.9268558874144652, -1.097559672136609, 0.20003086009988003, 0.005585509256666734, 0.000766353825800171], [-176.37273779975044, -217.19093012809756, 0.005585509256666734, 1.3347222222222221, 0.0654904360572497], [-23.000816827411413, -19.420292629807385, 0.000766353825800171, 0.0654904360572497, 0.4587371301493535]], "count": 5}