{"mean": [208.56100158691407, 69.02084884643554, 0.020294224098324775, 4.0, 0.7260745763778687, 4.199999809265137, 0.625], "cov": [[446.7997369522078, 105.68484316830704, -0.044375254354203385, 0.0, -1.00318021939492, 0.0, 0.0], [105.68484316830704, 25.209681333759544, -0.010500271334714827, 0.0, -0.23607679021616737, 0.0, 0.0], [-0.044375254354203385, -0.010500271334714827, 0.20000441947562808, 0.0, 0.00011734271441889202, 0.0, 0.0], [0.0, 0.0, 0.0, 0.2, 0.0, 0.0, 0.0], [-1.00318021939492, -0.23607679021616737, 0.00011734271441889202, 0.0, 0.24509990962949396, 0.0, 0.0], [0.0, 0.0, 0.0, 0.0, 0.0, 0.2, 0.0], [0.0, 0.0, 0.0, 0.0, 0.0, 0.0, 0.2]], "count": 5, "distances": [0.9367249772198154, 1.1658934801775067, 0.5961830740687599]}